Workbook

Sheet Inputs
A1: UDAAN — Balance Model
A2: Tunable inputs (blue). Change these; all other sheets recompute. Values pulled from code, session 063.
A4: PLAYER
A5: Player max HP | B5: 100 | C5: confirm from player TargetHealth
A6: Bullet damage | B6: 18 | C6: DroneWeapon.bulletDamage
A7: Bullet rate (s) | B7: 0.1 | C7: DroneWeapon.bulletRate
A8: Rocket damage | B8: 60 | C8: DroneWeapon.rocketDamage
A9: Rocket rate (s) | B9: 0.7
A10: ENEMY (base = wave 0)
A11: Enemy base HP | B11: 100 | C11: MissionDirector.waveEnemyHealth
A12: Enemy base damage | B12: 14 | C12: enemyBaseDamage
A13: Enemy base fire (s) | B13: 0.5 | C13: enemyBaseFire
A14: Per-wave HP growth | B14: 0.35 | C14: perWaveHealth
A15: Per-wave dmg growth | B15: 0.25 | C15: perWaveDamage
A16: Per-wave fire speedup | B16: 0.08 | C16: perWaveFireSpeedup
A17: BOSS
A18: Boss HP | B18: 1200 | C18: bossHealth
A19: Boss damage | B19: 36 | C19: CombatSpawner boss
A20: Boss fire (s) | B20: 0.2
A21: ALLY
A22: Ally HP | B22: 80 | C22: allyHealth
A23: Ally damage | B23: 9 | C23: CombatSpawner.Ally
A24: Ally fire (s) | B24: 0.85
A25: CORE / DEFEND
A26: Core HP | B26: 800 | C26: coreHealth
A27: Core regen (HP/s) | B27: 55 | C27: coreRegenRate (continuous, > 1 attacker DPS)
A28: Core safe radius (m) | B28: 45 | C28: coreSafeRadius
A29: Regen delay (s) | B29: 2.5 | C29: coreRegenDelay
A30: Defend duration (s) | B30: 35 | C30: defendDuration
A31: Push count | B31: 2 | C31: defendPushCount
A32: Push interval (s) | B32: 7 | C32: defendPushInterval
A33: Max live enemies | B33: 5 | C33: defendMaxEnemies
A34: OUTPOST BUFF
A35: Overshield fraction | B35: 0.4 | C35: captureOvershieldFraction
A36: Overshield duration (s) | B36: 30 | C36: captureBuffSeconds
A38: DERIVED
A39: Player bullet DPS | B39: =Inputs!$B$6/Inputs!$B$7 -> 180 | C39: if all hits land
A40: Enemy base DPS | B40: =Inputs!$B$12/Inputs!$B$13 -> 28
A41: Ally DPS | B41: =Inputs!$B$23/Inputs!$B$24 -> 10.588235
A42: Boss DPS | B42: =Inputs!$B$19/Inputs!$B$20 -> 180

Sheet WaveScaling
A1: Per-Wave Enemy Scaling
A3: Wave # | B3: Enemy HP | C3: Enemy dmg | D3: Enemy fire (s) | E3: Enemy DPS | F3: Player TTK (s) | G3: Enemy TTK vs player (s)
A4: 0 | B4: =Inputs!$B$11*(1+Inputs!$B$14*0) -> 100 | C4: =Inputs!$B$12*(1+Inputs!$B$15*0) -> 14 | D4: =Inputs!$B$13*MAX(0.35,1-Inputs!$B$16*0) -> 0.5 | E4: =C4/D4 -> 28 | F4: =B4/Inputs!$B$39 -> 0.55555556 | G4: =Inputs!$B$5/E4 -> 3.5714286
A5: 1 | B5: =Inputs!$B$11*(1+Inputs!$B$14*1) -> 135 | C5: =Inputs!$B$12*(1+Inputs!$B$15*1) -> 17.5 | D5: =Inputs!$B$13*MAX(0.35,1-Inputs!$B$16*1) -> 0.46 | E5: =C5/D5 -> 38.043478 | F5: =B5/Inputs!$B$39 -> 0.75 | G5: =Inputs!$B$5/E5 -> 2.6285714
A6: 2 | B6: =Inputs!$B$11*(1+Inputs!$B$14*2) -> 170 | C6: =Inputs!$B$12*(1+Inputs!$B$15*2) -> 21 | D6: =Inputs!$B$13*MAX(0.35,1-Inputs!$B$16*2) -> 0.42 | E6: =C6/D6 -> 50 | F6: =B6/Inputs!$B$39 -> 0.94444444 | G6: =Inputs!$B$5/E6 -> 2
A7: 3 | B7: =Inputs!$B$11*(1+Inputs!$B$14*3) -> 205 | C7: =Inputs!$B$12*(1+Inputs!$B$15*3) -> 24.5 | D7: =Inputs!$B$13*MAX(0.35,1-Inputs!$B$16*3) -> 0.38 | E7: =C7/D7 -> 64.473684 | F7: =B7/Inputs!$B$39 -> 1.1388889 | G7: =Inputs!$B$5/E7 -> 1.5510204
A8: 4 | B8: =Inputs!$B$11*(1+Inputs!$B$14*4) -> 240 | C8: =Inputs!$B$12*(1+Inputs!$B$15*4) -> 28 | D8: =Inputs!$B$13*MAX(0.35,1-Inputs!$B$16*4) -> 0.34 | E8: =C8/D8 -> 82.352941 | F8: =B8/Inputs!$B$39 -> 1.3333333 | G8: =Inputs!$B$5/E8 -> 1.2142857
A10: Player TTK = enemy HP / player bullet DPS (all hits). Enemy TTK vs player = player HP / enemy DPS.

Sheet TTK
A1: Time-To-Kill Summary
A3: Matchup | B3: Attacker DPS | C3: Target HP | D3: TTK (s)
A4: Player vs base enemy | B4: =Inputs!$B$39 -> 180 | C4: =Inputs!$B$11 -> 100 | D4: =C4/B4 -> 0.55555556
A5: Player vs boss | B5: =Inputs!$B$39 -> 180 | C5: =Inputs!$B$18 -> 1200 | D5: =C5/B5 -> 6.6666667
A6: Ally vs base enemy | B6: =Inputs!$B$41 -> 10.588235 | C6: =Inputs!$B$11 -> 100 | D6: =C6/B6 -> 9.4444444
A7: Base enemy vs player | B7: =Inputs!$B$40 -> 28 | C7: =Inputs!$B$5 -> 100 | D7: =C7/B7 -> 3.5714286
A8: Base enemy vs player+overshield | B8: =Inputs!$B$40 -> 28 | C8: =Inputs!$B$5*(1+Inputs!$B$35) -> 140 | D8: =C8/B8 -> 5
A9: Boss vs player | B9: =Inputs!$B$42 -> 180 | C9: =Inputs!$B$5 -> 100 | D9: =C9/B9 -> 0.55555556

Sheet DefendModel
A1: Defend Beat — Core Survival Model
A2: Core now regenerates CONTINUOUSLY. Net HP/s = regen - N x enemyDPS. A lone straggler is survivable; 2+ attackers overwhelm it. Peel/kill attackers to swing net positive.
A4: Attackers near core (N) | B4: Incoming DPS | C4: Net Core HP/s | D4: Time to destroy core (s) | E4: Survives defend duration?
A5: 0 | B5: =0*WaveScaling!$E$6 -> 0 | C5: =Inputs!$B$27-B5 -> 55 | D5: =IF(C5>=0,"holds/heals",Inputs!$B$26/-C5) -> holds/heals | E5: =IF(C5>=0,"yes",IF(Inputs!$B$26/-C5>Inputs!$B$30,"yes","NO")) -> yes
A6: 1 | B6: =1*WaveScaling!$E$6 -> 50 | C6: =Inputs!$B$27-B6 -> 5 | D6: =IF(C6>=0,"holds/heals",Inputs!$B$26/-C6) -> holds/heals | E6: =IF(C6>=0,"yes",IF(Inputs!$B$26/-C6>Inputs!$B$30,"yes","NO")) -> yes
A7: 2 | B7: =2*WaveScaling!$E$6 -> 100 | C7: =Inputs!$B$27-B7 -> -45 | D7: =IF(C7>=0,"holds/heals",Inputs!$B$26/-C7) -> 17.777778 | E7: =IF(C7>=0,"yes",IF(Inputs!$B$26/-C7>Inputs!$B$30,"yes","NO")) -> NO
A8: 3 | B8: =3*WaveScaling!$E$6 -> 150 | C8: =Inputs!$B$27-B8 -> -95 | D8: =IF(C8>=0,"holds/heals",Inputs!$B$26/-C8) -> 8.4210526 | E8: =IF(C8>=0,"yes",IF(Inputs!$B$26/-C8>Inputs!$B$30,"yes","NO")) -> NO
A9: 4 | B9: =4*WaveScaling!$E$6 -> 200 | C9: =Inputs!$B$27-B9 -> -145 | D9: =IF(C9>=0,"holds/heals",Inputs!$B$26/-C9) -> 5.5172414 | E9: =IF(C9>=0,"yes",IF(Inputs!$B$26/-C9>Inputs!$B$30,"yes","NO")) -> NO
A10: 5 | B10: =5*WaveScaling!$E$6 -> 250 | C10: =Inputs!$B$27-B10 -> -195 | D10: =IF(C10>=0,"holds/heals",Inputs!$B$26/-C10) -> 4.1025641 | E10: =IF(C10>=0,"yes",IF(Inputs!$B$26/-C10>Inputs!$B$30,"yes","NO")) -> NO
A11: 6 | B11: =6*WaveScaling!$E$6 -> 300 | C11: =Inputs!$B$27-B11 -> -245 | D11: =IF(C11>=0,"holds/heals",Inputs!$B$26/-C11) -> 3.2653061 | E11: =IF(C11>=0,"yes",IF(Inputs!$B$26/-C11>Inputs!$B$30,"yes","NO")) -> NO
A14: Reading: net HP/s = regen - N x tierDPS. If net >= 0 the Core holds/heals at that many attackers. If net < 0 it dies in CoreHP/(-net) seconds; "yes" if that exceeds the defend timer. Defend enemies use WaveScaling wave-2 DPS.
A15: Break-even attackers (net = 0) = regen / tierDPS. Keep N at or below this via peeling/killing and the Core survives.
A17: Break-even attackers (regen/tierDPS) = | B17: =Inputs!$B$27/WaveScaling!$E$6 -> 1.1
